Beacon BlueUp-01-016166,found at time: 8-11-2017,14:10:6
Beacon BlueUp-01-016167,found at time: 8-11-2017,14:10:6
Beacon BlueUp-01-016166,found at time: 8-11-2017,14:10:10
Beacon BlueUp-01-016166,found at time: 8-11-2017,14:10:14
Beacon BlueUp-01-016166,found at time: 8-11-2017,14:10:16
Beacon BlueUp-01-016166,found at time: 8-11-2017,14:11:46
Beacon BlueUp-01-016167,found at time: 8-11-2017,14:11:48
Beacon BlueUp-01-016166,found at time: 8-11-2017,14:11:58
Beacon BlueUp-01-016167,found at time: 8-11-2017,14:11:58
Beacon BlueUp-01-016166,found at time: 8-11-2017,14:12:0
Beacon BlueUp-01-016167,found at time: 8-11-2017,14:14:4
Beacon BlueUp-01-016166,found at time: 8-11-2017,14:14:6
Beacon BlueUp-01-016166,found at time: 8-11-2017,14:14:8
Beacon BlueUp-01-016166,found at time: 8-11-2017,14:14:8
Beacon BlueUp-01-016167,found at time: 8-11-2017,14:14:8
Beacon BlueUp-01-016167,found at time: 8-11-2017,14:14:10
Beacon BlueUp-01-016166,found at time: 8-11-2017,14:14:14
Beacon BlueUp-01-016166,found at time: 8-11-2017,14:14:20
Beacon BlueUp-01-016166,found at time: 8-11-2017,14:14:26
Beacon BlueUp-01-016167,found at time: 8-11-2017,14:14:28
Beacon BlueUp-01-016166,found at time: 8-11-2017,14:14:30
Beacon BlueUp-01-016167,found at time: 8-11-2017,14:14:34
Beacon BlueUp-01-016167,found at time: 8-11-2017,14:14:40
Beacon BlueUp-01-016166,found at time: 8-11-2017,14:14:44
Beacon BlueUp-01-016167,found at time: 8-11-2017,14:14:50
Beacon BlueUp-01-016167,found at time: 8-11-2017,14:14:52
Beacon BlueUp-01-016166,found at time: 8-11-2017,14:15:0
Beacon BlueUp-01-016167,found at time: 8-11-2017,14:15:10
Beacon BlueUp-01-016166,found at time: 8-11-2017,14:15:12
Beacon BlueUp-01-016166,found at time: 8-11-2017,14:15:14
Beacon BlueUp-01-016166,found at time: 8-11-2017,14:15:16
Beacon BlueUp-01-016167,found at time: 8-11-2017,14:15:18
Beacon BlueUp-01-016167,found at time: 8-11-2017,14:15:28
Beacon BlueUp-01-016167,found at time: 8-11-2017,14:15:42
Beacon BlueUp-01-016166,found at time: 8-11-2017,14:15:44
Beacon BlueUp-01-016167,found at time: 8-11-2017,14:15:44
Beacon BlueUp-01-016167,found at time: 8-11-2017,14:15:50
Beacon BlueUp-01-016166,found at time: 8-11-2017,14:15:54
Beacon BlueUp-01-016167,found at time: 8-11-2017,14:15:54
Beacon BlueUp-01-016166,found at time: 8-11-2017,14:15:56
Beacon BlueUp-01-016166,found at time: 8-11-2017,14:15:58
Beacon BlueUp-01-016167,found at time: 8-11-2017,14:16:0
Beacon BlueUp-01-016166,found at time: 8-11-2017,14:16:2
Beacon BlueUp-01-016167,found at time: 8-11-2017,14:16:2
Beacon BlueUp-01-016166,found at time: 8-11-2017,14:16:8
Beacon BlueUp-01-016167,found at time: 8-11-2017,14:16:8
Beacon BlueUp-01-016166,found at time: 8-11-2017,14:16:10
Beacon BlueUp-01-016167,found at time: 8-11-2017,14:16:14
Beacon BlueUp-01-016166,found at time: 8-11-2017,14:16:16
Beacon BlueUp-01-016166,found at time: 8-11-2017,14:16:20
Beacon BlueUp-01-016167,found at time: 8-11-2017,14:16:22
Beacon BlueUp-01-016166,found at time: 8-11-2017,14:16:30
Beacon BlueUp-01-016166,found at time: 8-11-2017,14:16:34
Beacon BlueUp-01-016167,found at time: 8-11-2017,14:16:34
Beacon BlueUp-01-016167,found at time: 8-11-2017,14:16:36
Beacon BlueUp-01-016167,found at time: 8-11-2017,14:16:38
Beacon BlueUp-01-016166,found at time: 8-11-2017,14:16:40
Beacon BlueUp-01-016167,found at time: 8-11-2017,14:16:42
Beacon BlueUp-01-016166,found at time: 8-11-2017,14:16:54
Beacon BlueUp-01-016166,found at time: 8-11-2017,14:17:6
Beacon BlueUp-01-016167,found at time: 8-11-2017,14:17:12
Beacon BlueUp-01-016167,found at time: 8-11-2017,14:17:14
Beacon BlueUp-01-016166,found at time: 8-11-2017,14:17:16
Beacon BlueUp-01-016166,found at time: 8-11-2017,14:17:24
Beacon BlueUp-01-016167,found at time: 8-11-2017,14:17:24
Beacon BlueUp-01-016166,found at time: 8-11-2017,14:17:26
Beacon BlueUp-01-016167,found at time: 8-11-2017,14:17:28
Beacon BlueUp-01-016167,found at time: 8-11-2017,14:17:32
Beacon BlueUp-01-016167,found at time: 8-11-2017,14:17:34
Beacon BlueUp-01-016167,found at time: 8-11-2017,14:17:36
Beacon BlueUp-01-016167,found at time: 8-11-2017,14:17:42
Beacon BlueUp-01-016167,found at time: 8-11-2017,14:17:44
Beacon BlueUp-01-016166,found at time: 8-11-2017,14:17:48
Beacon BlueUp-01-016166,found at time: 8-11-2017,14:17:52
Beacon BlueUp-01-016167,found at time: 8-11-2017,14:18:0
Beacon BlueUp-01-016166,found at time: 8-11-2017,14:18:6
Beacon BlueUp-01-016166,found at time: 8-11-2017,14:18:10
Beacon BlueUp-01-016167,found at time: 8-11-2017,14:18:14
Beacon BlueUp-01-016166,found at time: 8-11-2017,14:18:16
Beacon BlueUp-01-016166,found at time: 8-11-2017,14:18:18
Beacon BlueUp-01-016167,found at time: 8-11-2017,14:18:26
Beacon BlueUp-01-016166,found at time: 8-11-2017,14:18:32
Beacon BlueUp-01-016167,found at time: 8-11-2017,14:18:36
Beacon BlueUp-01-016166,found at time: 8-11-2017,14:18:42
Beacon BlueUp-01-016167,found at time: 8-11-2017,14:18:44
Beacon BlueUp-01-016166,found at time: 9-11-2017,13:7:54
Beacon BlueUp-01-016166,found at time: 9-11-2017,13:7:56
Beacon BlueUp-01-016166,found at time: 9-11-2017,13:7:58
Beacon BlueUp-01-016166,found at time: 9-11-2017,13:7:58
Beacon BlueUp-01-016167,found at time: 9-11-2017,13:7:58
Beacon BlueUp-01-016167,found at time: 9-11-2017,13:7:58
Beacon BlueUp-01-016166,found at time: 9-11-2017,13:8:0
Beacon BlueUp-01-016167,found at time: 9-11-2017,13:8:2
Beacon BlueUp-01-016167,found at time: 9-11-2017,13:8:4
Beacon BlueUp-01-016166,found at time: 9-11-2017,13:8:12
Beacon BlueUp-01-016167,found at time: 9-11-2017,13:8:12
Beacon BlueUp-01-016166,found at time: 9-11-2017,13:8:18
Beacon BlueUp-01-016166,found at time: 9-11-2017,13:8:22
Beacon BlueUp-01-016167,found at time: 9-11-2017,13:8:26
Beacon BlueUp-01-016167,found at time: 9-11-2017,13:8:30
Beacon BlueUp-01-016167,found at time: 9-11-2017,13:8:32
Beacon BlueUp-01-016167,found at time: 9-11-2017,13:8:36
Beacon BlueUp-01-016167,found at time: 9-11-2017,13:8:38
Beacon BlueUp-01-016166,found at time: 9-11-2017,13:8:44
Beacon BlueUp-01-016167,found at time: 9-11-2017,13:8:46
Beacon BlueUp-01-016166,found at time: 9-11-2017,13:10:16
Beacon BlueUp-01-016166,found at time: 9-11-2017,13:10:18
Beacon BlueUp-01-016166,found at time: 9-11-2017,13:10:20
Beacon BlueUp-01-016167,found at time: 9-11-2017,13:10:22
Beacon BlueUp-01-016167,found at time: 9-11-2017,13:10:22
Beacon BlueUp-01-016167,found at time: 9-11-2017,13:10:34
Beacon BlueUp-01-016166,found at time: 9-11-2017,13:10:48
Beacon BlueUp-01-016167,found at time: 9-11-2017,13:10:50
Beacon BlueUp-01-016167,found at time: 9-11-2017,13:10:56
Beacon BlueUp-01-016167,found at time: 9-11-2017,13:11:4
Beacon BlueUp-01-016166,found at time: 9-11-2017,13:11:10
Beacon BlueUp-01-016167,found at time: 9-11-2017,13:11:12
Beacon BlueUp-01-016167,found at time: 9-11-2017,13:11:14
Beacon BlueUp-01-016167,found at time: 9-11-2017,13:11:20
Beacon BlueUp-01-016167,found at time: 9-11-2017,13:11:30
Beacon BlueUp-01-016166,found at time: 9-11-2017,13:11:32
Beacon BlueUp-01-016167,found at time: 9-11-2017,13:11:54
Beacon BlueUp-01-016167,found at time: 9-11-2017,13:12:0
Beacon BlueUp-01-016167,found at time: 9-11-2017,13:12:4
Beacon BlueUp-01-016167,found at time: 9-11-2017,13:12:14
Beacon BlueUp-01-016167,found at time: 9-11-2017,13:12:18
Beacon BlueUp-01-016166,found at time: 9-11-2017,13:12:22
Beacon BlueUp-01-016166,found at time: 9-11-2017,13:12:28
Beacon BlueUp-01-016167,found at time: 9-11-2017,13:12:28
Beacon BlueUp-01-016167,found at time: 9-11-2017,13:12:34
Beacon BlueUp-01-016166,found at time: 9-11-2017,13:12:48
Beacon BlueUp-01-016167,found at time: 9-11-2017,13:12:48
Beacon BlueUp-01-016167,found at time: 9-11-2017,13:12:52
Beacon BlueUp-01-016167,found at time: 9-11-2017,13:12:54
Beacon BlueUp-01-016166,found at time: 9-11-2017,13:12:56
Beacon BlueUp-01-016166,found at time: 9-11-2017,13:13:0
Beacon BlueUp-01-016167,found at time: 9-11-2017,13:13:4
Beacon BlueUp-01-016167,found at time: 9-11-2017,13:13:6
Beacon BlueUp-01-016167,found at time: 9-11-2017,13:13:8
Beacon BlueUp-01-016167,found at time: 9-11-2017,13:13:10
Beacon BlueUp-01-016166,found at time: 9-11-2017,13:13:20
Beacon BlueUp-01-016167,found at time: 9-11-2017,13:13:24
Beacon BlueUp-01-016167,found at time: 9-11-2017,13:13:26
Beacon BlueUp-01-016167,found at time: 9-11-2017,13:13:32
Beacon BlueUp-01-016167,found at time: 9-11-2017,13:13:36
Beacon BlueUp-01-016166,found at time: 9-11-2017,13:13:48
Beacon BlueUp-01-016166,found at time: 9-11-2017,13:13:50
Beacon BlueUp-01-016166,found at time: 9-11-2017,13:13:52
Beacon BlueUp-01-016166,found at time: 9-11-2017,13:14:2
Beacon BlueUp-01-016167,found at time: 9-11-2017,13:14:2
Beacon BlueUp-01-016167,found at time: 9-11-2017,13:14:6
Beacon BlueUp-01-016167,found at time: 9-11-2017,13:14:16
Beacon BlueUp-01-016166,found at time: 9-11-2017,13:14:20
Beacon BlueUp-01-016167,found at time: 9-11-2017,13:14:28
Beacon BlueUp-01-016167,found at time: 9-11-2017,13:14:30
Beacon BlueUp-01-016166,found at time: 9-11-2017,13:14:36
Beacon BlueUp-01-016166,found at time: 9-11-2017,13:15:2
Beacon BlueUp-01-016167,found at time: 9-11-2017,13:15:10
Beacon BlueUp-01-016167,found at time: 9-11-2017,13:15:12
Beacon BlueUp-01-016167,found at time: 9-11-2017,13:15:14
Beacon BlueUp-01-016167,found at time: 9-11-2017,13:15:22
Beacon BlueUp-01-016166,found at time: 9-11-2017,13:15:32
Beacon BlueUp-01-016166,found at time: 9-11-2017,13:15:42
Beacon BlueUp-01-016166,found at time: 9-11-2017,13:15:44
Beacon BlueUp-01-016166,found at time: 9-11-2017,13:15:48
Beacon BlueUp-01-016166,found at time: 9-11-2017,13:15:52
Beacon BlueUp-01-016166,found at time: 9-11-2017,13:16:12
Beacon BlueUp-01-016166,found at time: 9-11-2017,13:16:14
Beacon BlueUp-01-016166,found at time: 9-11-2017,13:16:20
Beacon BlueUp-01-016166,found at time: 9-11-2017,13:16:22
Beacon BlueUp-01-016167,found at time: 9-11-2017,13:16:24
Beacon BlueUp-01-016167,found at time: 9-11-2017,13:16:26
Beacon BlueUp-01-016167,found at time: 9-11-2017,13:16:28
Beacon BlueUp-01-016166,found at time: 9-11-2017,13:16:30
Beacon BlueUp-01-016166,found at time: 9-11-2017,13:16:32
Beacon BlueUp-01-016167,found at time: 9-11-2017,13:16:34
Beacon BlueUp-01-016166,found at time: 9-11-2017,13:16:36
Beacon BlueUp-01-016167,found at time: 9-11-2017,13:16:40
Beacon BlueUp-01-016167,found at time: 9-11-2017,13:16:46
Beacon BlueUp-01-016167,found at time: 9-11-2017,13:16:48
Beacon BlueUp-01-016166,found at time: 9-11-2017,13:16:50
Beacon BlueUp-01-016166,found at time: 9-11-2017,13:16:52
Beacon BlueUp-01-016167,found at time: 9-11-2017,13:16:52
Beacon BlueUp-01-016167,found at time: 9-11-2017,13:16:54
Beacon BlueUp-01-016166,found at time: 9-11-2017,13:16:58
Beacon BlueUp-01-016167,found at time: 9-11-2017,13:16:58
Beacon BlueUp-01-016167,found at time: 9-11-2017,13:17:6
Beacon BlueUp-01-016166,found at time: 9-11-2017,13:17:12
Beacon BlueUp-01-016167,found at time: 9-11-2017,13:17:14
Beacon BlueUp-01-016167,found at time: 9-11-2017,13:17:16
Beacon BlueUp-01-016166,found at time: 9-11-2017,13:17:20
Beacon BlueUp-01-016167,found at time: 9-11-2017,13:17:20
Beacon BlueUp-01-016166,found at time: 9-11-2017,13:17:22
Beacon BlueUp-01-016167,found at time: 9-11-2017,13:17:24
Beacon BlueUp-01-016167,found at time: 9-11-2017,13:17:26
Beacon BlueUp-01-016167,found at time: 9-11-2017,13:17:28
Beacon BlueUp-01-016166,found at time: 9-11-2017,13:17:30
Beacon BlueUp-01-016167,found at time: 9-11-2017,13:17:36
Beacon BlueUp-01-016167,found at time: 9-11-2017,13:17:38
Beacon BlueUp-01-016167,found at time: 9-11-2017,13:17:40
Beacon BlueUp-01-016167,found at time: 9-11-2017,13:17:50
Beacon BlueUp-01-016167,found at time: 9-11-2017,13:17:52
Beacon BlueUp-01-016167,found at time: 9-11-2017,13:17:54
Beacon BlueUp-01-016167,found at time: 9-11-2017,13:18:4
Beacon BlueUp-01-016167,found at time: 9-11-2017,13:18:6
Beacon BlueUp-01-016167,found at time: 9-11-2017,13:18:10
Beacon BlueUp-01-016166,found at time: 9-11-2017,13:18:26
Beacon BlueUp-01-016167,found at time: 9-11-2017,13:18:38
Beacon BlueUp-01-016167,found at time: 9-11-2017,13:18:46
Beacon BlueUp-01-016166,found at time: 9-11-2017,13:19:4
Beacon BlueUp-01-016167,found at time: 9-11-2017,13:20:40
Beacon BlueUp-01-016166,found at time: 9-11-2017,13:20:44
Beacon BlueUp-01-016166,found at time: 9-11-2017,13:20:46
Beacon BlueUp-01-016167,found at time: 9-11-2017,13:20:46
Beacon BlueUp-01-016167,found at time: 9-11-2017,13:20:48
Beacon BlueUp-01-016167,found at time: 9-11-2017,13:20:48
Beacon BlueUp-01-016166,found at time: 9-11-2017,13:20:54
Beacon BlueUp-01-016166,found at time: 9-11-2017,13:20:58
Beacon BlueUp-01-016166,found at time: 9-11-2017,13:21:2
Beacon BlueUp-01-016166,found at time: 9-11-2017,13:21:4
Beacon BlueUp-01-016166,found at time: 9-11-2017,13:21:6
Beacon BlueUp-01-016166,found at time: 9-11-2017,13:21:12
Beacon BlueUp-01-016166,found at time: 9-11-2017,13:21:12
Beacon BlueUp-01-016167,found at time: 9-11-2017,13:21:20
Beacon BlueUp-01-016166,found at time: 9-11-2017,13:21:34
Beacon BlueUp-01-016167,found at time: 9-11-2017,13:21:58
Beacon BlueUp-01-016166,found at time: 9-11-2017,13:22:0
Beacon BlueUp-01-016167,found at time: 9-11-2017,13:22:42
Beacon BlueUp-01-016167,found at time: 9-11-2017,13:22:46
Beacon BlueUp-01-016167,found at time: 9-11-2017,13:22:54
Beacon BlueUp-01-016166,found at time: 9-11-2017,13:23:8
Beacon BlueUp-01-016167,found at time: 9-11-2017,13:23:14
Beacon BlueUp-01-016167,found at time: 9-11-2017,13:23:18
Beacon BlueUp-01-016166,found at time: 9-11-2017,13:23:26
Beacon BlueUp-01-016167,found at time: 9-11-2017,13:23:50
Beacon BlueUp-01-016167,found at time: 9-11-2017,13:24:24
Beacon BlueUp-01-016167,found at time: 9-11-2017,13:24:40
Beacon BlueUp-01-016167,found at time: 9-11-2017,13:25:8
Beacon BlueUp-01-016166,found at time: 9-11-2017,13:25:44
Beacon BlueUp-01-016166,found at time: 9-11-2017,13:25:48
Beacon BlueUp-01-016167,found at time: 9-11-2017,13:25:52
Beacon BlueUp-01-016167,found at time: 9-11-2017,13:26:0
Beacon BlueUp-01-016166,found at time: 9-11-2017,13:26:8
Beacon BlueUp-01-016167,found at time: 9-11-2017,13:26:10
Beacon BlueUp-01-016167,found at time: 9-11-2017,13:26:12
Beacon BlueUp-01-016166,found at time: 9-11-2017,13:26:14
Beacon BlueUp-01-016166,found at time: 9-11-2017,13:26:28
Beacon BlueUp-01-016166,found at time: 9-11-2017,13:26:30
Beacon BlueUp-01-016166,found at time: 9-11-2017,13:26:36
Beacon BlueUp-01-016167,found at time: 9-11-2017,13:26:50
Beacon BlueUp-01-016167,found at time: 9-11-2017,13:26:56
Beacon BlueUp-01-016167,found at time: 9-11-2017,13:27:2
Beacon BlueUp-01-016166,found at time: 9-11-2017,13:27:6
Beacon BlueUp-01-016167,found at time: 9-11-2017,13:27:10
Beacon BlueUp-01-016166,found at time: 9-11-2017,13:27:22
Beacon BlueUp-01-016166,found at time: 9-11-2017,13:27:42
Beacon BlueUp-01-016166,found at time: 9-11-2017,13:27:46
Beacon BlueUp-01-016167,found at time: 9-11-2017,13:27:50
Beacon BlueUp-01-016167,found at time: 9-11-2017,13:27:56
Beacon BlueUp-01-016167,found at time: 9-11-2017,13:28:4
Beacon BlueUp-01-016167,found at time: 9-11-2017,13:28:6
Beacon BlueUp-01-016167,found at time: 9-11-2017,13:28:8
Beacon BlueUp-01-016167,found at time: 9-11-2017,13:28:34
Beacon BlueUp-01-016166,found at time: 9-11-2017,13:28:54
Beacon BlueUp-01-016167,found at time: 9-11-2017,13:29:12
Beacon BlueUp-01-016167,found at time: 9-11-2017,13:51:38
Beacon BlueUp-01-016166,found at time: 9-11-2017,13:51:42
Beacon BlueUp-01-016166,found at time: 9-11-2017,13:51:42
Beacon BlueUp-01-016167,found at time: 9-11-2017,13:51:44
Beacon BlueUp-01-016167,found at time: 9-11-2017,13:51:50
Beacon BlueUp-01-016167,found at time: 9-11-2017,13:51:50
Beacon BlueUp-01-016167,found at time: 9-11-2017,13:51:56
Beacon BlueUp-01-016166,found at time: 9-11-2017,13:52:34
Beacon BlueUp-01-016166,found at time: 9-11-2017,13:52:46
Beacon BlueUp-01-016166,found at time: 9-11-2017,13:52:48
Beacon BlueUp-01-016166,found at time: 9-11-2017,13:52:52
Beacon BlueUp-01-016166,found at time: 9-11-2017,13:52:56
Beacon BlueUp-01-016167,found at time: 9-11-2017,13:52:56
Beacon BlueUp-01-016166,found at time: 9-11-2017,13:52:58
Beacon BlueUp-01-016166,found at time: 9-11-2017,13:53:8
Beacon BlueUp-01-016166,found at time: 9-11-2017,13:53:12
Beacon BlueUp-01-016166,found at time: 9-11-2017,13:53:24
Beacon BlueUp-01-016167,found at time: 9-11-2017,13:53:34
Beacon BlueUp-01-016166,found at time: 9-11-2017,13:53:38
Beacon BlueUp-01-016167,found at time: 9-11-2017,13:53:48
Beacon BlueUp-01-016166,found at time: 9-11-2017,13:53:54
Beacon BlueUp-01-016166,found at time: 9-11-2017,13:54:12
Beacon BlueUp-01-016166,found at time: 9-11-2017,13:54:14
Beacon BlueUp-01-016167,found at time: 9-11-2017,13:54:24
Beacon BlueUp-01-016167,found at time: 9-11-2017,13:54:30
Beacon BlueUp-01-016166,found at time: 9-11-2017,13:54:36
Beacon BlueUp-01-016166,found at time: 9-11-2017,13:54:38
Beacon BlueUp-01-016167,found at time: 9-11-2017,13:54:56
Beacon BlueUp-01-016167,found at time: 9-11-2017,13:54:58
Beacon BlueUp-01-016166,found at time: 9-11-2017,13:55:2
Beacon BlueUp-01-016166,found at time: 9-11-2017,13:55:6
Beacon BlueUp-01-016166,found at time: 9-11-2017,13:55:16
Beacon BlueUp-01-016167,found at time: 9-11-2017,13:55:20
Beacon BlueUp-01-016166,found at time: 9-11-2017,13:55:22
Beacon BlueUp-01-016166,found at time: 9-11-2017,13:55:30
Beacon BlueUp-01-016167,found at time: 9-11-2017,13:55:30
Beacon BlueUp-01-016166,found at time: 9-11-2017,13:55:36
Beacon BlueUp-01-016166,found at time: 9-11-2017,13:55:44
Beacon BlueUp-01-016167,found at time: 9-11-2017,13:55:48
Beacon BlueUp-01-016166,found at time: 9-11-2017,13:56:6
Beacon BlueUp-01-016166,found at time: 9-11-2017,13:56:8
Beacon BlueUp-01-016167,found at time: 9-11-2017,13:56:10
Beacon BlueUp-01-016166,found at time: 9-11-2017,13:56:14
Beacon BlueUp-01-016166,found at time: 9-11-2017,13:56:18
Beacon BlueUp-01-016167,found at time: 9-11-2017,13:56:24
Beacon BlueUp-01-016166,found at time: 9-11-2017,13:56:28
Beacon BlueUp-01-016167,found at time: 9-11-2017,13:56:44
Beacon BlueUp-01-016167,found at time: 9-11-2017,13:56:46
Beacon BlueUp-01-016166,found at time: 9-11-2017,13:56:48
Beacon BlueUp-01-016166,found at time: 9-11-2017,13:56:54
Beacon BlueUp-01-016166,found at time: 9-11-2017,13:56:58
Beacon BlueUp-01-016166,found at time: 9-11-2017,13:57:2
Beacon BlueUp-01-016167,found at time: 9-11-2017,13:57:2
Beacon BlueUp-01-016166,found at time: 9-11-2017,13:57:12
Beacon BlueUp-01-016167,found at time: 9-11-2017,13:57:16
Beacon BlueUp-01-016167,found at time: 9-11-2017,13:57:26
Beacon BlueUp-01-016166,found at time: 9-11-2017,13:57:28
Beacon BlueUp-01-016167,found at time: 9-11-2017,13:57:28
Beacon BlueUp-01-016166,found at time: 9-11-2017,13:57:30
Beacon BlueUp-01-016167,found at time: 9-11-2017,13:57:30
Beacon BlueUp-01-016167,found at time: 9-11-2017,13:57:38
Beacon BlueUp-01-016166,found at time: 9-11-2017,13:57:46
Beacon BlueUp-01-016166,found at time: 9-11-2017,13:57:52
Beacon BlueUp-01-016167,found at time: 9-11-2017,13:57:52
Beacon BlueUp-01-016167,found at time: 9-11-2017,13:57:56
Beacon BlueUp-01-016166,found at time: 9-11-2017,13:58:2
Beacon BlueUp-01-016167,found at time: 9-11-2017,13:58:8
Beacon BlueUp-01-016166,found at time: 9-11-2017,13:58:12
Beacon BlueUp-01-016167,found at time: 9-11-2017,13:58:14
Beacon BlueUp-01-016166,found at time: 9-11-2017,13:58:18
Beacon BlueUp-01-016167,found at time: 9-11-2017,13:58:20
Beacon BlueUp-01-016166,found at time: 9-11-2017,13:58:22
Beacon BlueUp-01-016166,found at time: 9-11-2017,13:58:24
Beacon BlueUp-01-016166,found at time: 9-11-2017,13:58:28
Beacon BlueUp-01-016167,found at time: 9-11-2017,13:58:34
Beacon BlueUp-01-016167,found at time: 9-11-2017,13:58:38
Beacon BlueUp-01-016166,found at time: 9-11-2017,13:58:42
Beacon BlueUp-01-016166,found at time: 9-11-2017,13:58:44
Beacon BlueUp-01-016166,found at time: 9-11-2017,13:58:46
Beacon BlueUp-01-016167,found at time: 9-11-2017,13:58:46
Beacon BlueUp-01-016166,found at time: 9-11-2017,13:58:54
Beacon BlueUp-01-016166,found at time: 9-11-2017,13:58:58
Beacon BlueUp-01-016166,found at time: 9-11-2017,13:59:6
Beacon BlueUp-01-016166,found at time: 9-11-2017,13:59:16
Beacon BlueUp-01-016167,found at time: 9-11-2017,13:59:42
Beacon BlueUp-01-016167,found at time: 9-11-2017,13:59:44
Beacon BlueUp-01-016167,found at time: 9-11-2017,13:59:46
Beacon BlueUp-01-016167,found at time: 9-11-2017,14:0:4
Beacon BlueUp-01-016167,found at time: 9-11-2017,14:0:8
Beacon BlueUp-01-016167,found at time: 9-11-2017,14:0:14
